acronym ,acronym meaning
df,the fuck
wtf,what the fuck
fu,fuck you
poggers,cool
omg,oh my god
tbh,to be honest
yolo,You only live once
lit,cool
bff,best friend forever
bae,lover
noob,idiot
sus,suspicious
irl,in real life
gg,good game
gtg,got to go
baka,idiot
loli,little girl
reeee,anger
yeet,throw
flex,show off
flexing,showing off
ur,your
1v1,fight
pog,cool
b4,before
asap,as soon as possible
stan,fan
baka,idiot
vr,virtual reality
re,repeat
tf,the fuck 
sumtn,something
some1,someone